Track URI,Track Name,Album Name,Artist Name(s),Release Date,Duration (ms),Popularity,Explicit,Added By,Added At,Genres,Record Label,Danceability,Energy,Key,Loudness,Mode,Speechiness,Acousticness,Instrumentalness,Liveness,Valence,Tempo,Time Signature
spotify:track:6YZTEtVQgdTC8tUtjow5Xx,"Warg","Update","Recondite",2017-07-28,421680,36,false,gijsdehuu,2026-03-28T14:59:31Z,"melodieuze techno,minimal techno,techno","Hotflush Recordings",0.812,0.529,9,-10.572,1,0.0432,0.158,0.929,0.109,0.0582,122.012,4
spotify:track:4bGr8OqIy8bpi0Z670bH06,"Cleric","The Dystopian Episodes","Recondite",2023-04-21,496165,30,false,gijsdehuu,2026-03-28T14:59:50Z,"melodieuze techno,minimal techno,techno","Plangent Records",0.653,0.556,7,-13.776,1,0.0743,0.00248,0.909,0.107,0.0393,126.004,4
spotify:track:2sW7CSAb02YOAF32uRXBbX,"Black Russian","Klockworks 13","DVS1",2014-07-15,391611,32,false,gijsdehuu,2026-03-28T15:00:02Z,"minimal techno,techno,dub techno","Klockworks",0.818,0.549,6,-10.481,0,0.0592,0.109,0.869,0.109,0.416,130.009,4
spotify:track:11LPEAMF3f6tqSga1QYHCr,"Running","Klockworks 05","DVS1",2009-09-01,479999,25,false,gijsdehuu,2026-03-28T15:00:09Z,"minimal techno,techno,dub techno","Klockworks",0.539,0.655,1,-11.447,0,0.0971,0.0686,0.945,0.104,0.473,135.078,4
spotify:track:3pGVUxEMd499IevQvhJBiu,"Electric","Berghain 07, Pt. II","DVS1",2015-05-18,444755,25,false,gijsdehuu,2026-03-28T15:00:19Z,"minimal techno,techno,dub techno","Ostgut Ton",0.771,0.473,6,-11.977,0,0.0709,0.462,0.939,0.105,0.12,130.016,4
spotify:track:75FeNPsfreU3K6ddpYWFtH,"Waterfall","Merchant of Salt","Rrose",2012-08-01,434090,28,false,gijsdehuu,2026-03-28T15:00:32Z,"dub techno,minimal techno,drone,techno","Eaux",0.747,0.702,2,-11.635,1,0.0421,0.00000359,0.91,0.0808,0.0398,125,4
spotify:track:6laqIOvuENmYclQzV2YWt1,"It Never Ends","It Never Ends","nthng",2017-03-17,556304,32,false,gijsdehuu,2026-03-28T15:01:17Z,"dub techno,lo-fi house,minimal techno,ambient","Lobster Theremin",0.558,0.476,9,-17.407,0,0.034,0.102,0.862,0.112,0.0374,126.037,4
spotify:track:6KDyFNoR1bsTvoI58cEzO9,"Human","Remember Us","nthng",2014-11-14,518688,21,false,gijsdehuu,2026-03-28T15:01:26Z,"dub techno,lo-fi house,minimal techno,ambient","Mörk",0.754,0.417,11,-18.157,0,0.124,0.719,0.907,0.109,0.0377,128.009,4
spotify:track:6SLmXcSlZeQyNhFhVagomK,"Calm Down","Mdr 18","Answer Code Request",2015-10-30,354711,32,false,gijsdehuu,2026-03-28T15:01:40Z,"dub techno,idm,minimal techno,breakbeat","Marcel Dettmann Records",0.65,0.541,2,-9.336,1,0.0349,0.00572,0.918,0.0951,0.7,129.971,4
spotify:track:7p6oXzBSPAXXz8Xb8gBPki,"Subzero - Original Mix","Before One EP","Ben Klock",2009-01-26,383972,47,false,gijsdehuu,2026-03-28T15:01:51Z,"techno,minimal techno,dub techno","Ostgut Ton",0.793,0.608,6,-11.638,0,0.0673,0.588,0.861,0.0991,0.118,124.988,4
spotify:track:1PuOhifaY9BFPayhUhEU2N,"Corebox","Mdr 04","Marcel Dettmann",2008,378120,6,false,gijsdehuu,2026-03-28T15:02:11Z,"minimal techno,techno,dub techno","Marcel Dettmann Records",0.808,0.567,4,-14.396,0,0.106,0.0771,0.914,0.0606,0.662,127.006,4
spotify:track:4SH86PVrzO2YbuOGDxzqqs,"Phantom Studies","Phantom Studies","Marcel Dettmann;Ben Klock",2017-01-27,529122,37,false,gijsdehuu,2026-03-28T15:02:17Z,"minimal techno,techno,dub techno","Ostgut Ton",0.761,0.846,10,-11.08,0,0.0476,0.0108,0.919,0.0986,0.629,129.985,4
spotify:track:3P5e77I40H0fzHFjJ9q7xJ,"The Traveller","The Traveller","Shed",2016-10-21,128963,19,false,gijsdehuu,2026-03-28T15:02:27Z,"dub techno,idm,minimal techno,breakbeat","The Final Experiment",0.388,0.405,0,-26.682,1,0.05,0.562,0.969,0.159,0.0333,119.713,4
spotify:track:7q52c0D6HcEqyTqAb5XAed,"Control","Control","Shifted",2011,426780,27,false,gijsdehuu,2026-03-28T15:02:37Z,"dub techno,minimal techno,techno","Mote Evolver",0.703,0.846,7,-8.661,1,0.0794,0.146,0.897,0.117,0.43,127.001,4
spotify:track:1Xgg0bhjK57PJ6WLYOi3oY,"Levo","Iffy","Recondite",2014-11-10,282746,46,false,gijsdehuu,2026-03-28T15:03:17Z,"melodieuze techno,minimal techno,techno","Innervisions",0.722,0.53,7,-11.049,0,0.0656,0.00172,0.944,0.0998,0.0903,123.005,4
spotify:track:4mwbuW659PR4YIaXcDgzH0,"Page 1","Mixmag Presents Ben Klock","James Ruskin;DVS1",2017-06-23,189826,28,false,gijsdehuu,2026-03-28T15:03:30Z,"techno,minimal techno,dub techno","Mixmag Records",0.775,0.657,7,-10.711,1,0.0612,0.000818,0.915,0.228,0.286,130.015,4
spotify:track:1QxqKQlPuhIMxxOzSdETnq,"Amber Decay","Solens Arc","Kangding Ray",2014-02-24,391680,45,false,gijsdehuu,2026-03-28T15:03:59Z,"idm,glitch,dub techno","ara",0.82,0.853,4,-10.578,0,0.105,0.183,0.891,0.176,0.0362,124.017,4
spotify:track:15QxVy6d8RrbPKmsYyuVbT,"Calipso","Calipso","Luigi Tozzi",2015-07-20,555070,17,false,gijsdehuu,2026-03-28T15:04:21Z,"dub techno,minimal techno,techno","Outis Music",0.799,0.593,11,-12.515,1,0.148,0.0107,0.894,0.0948,0.0334,125.018,4
spotify:track:3R6uroDNGiEbqk7SbIvd1x,"Sequence 1","Sequence 1 & 2","Deepbass",2014-11-07,313209,3,false,gijsdehuu,2026-03-28T15:05:10Z,"dub techno,minimal techno,techno","Edit Select",0.717,0.742,7,-16.055,1,0.0449,0.807,0.937,0.128,0.0343,126.003,4
spotify:track:4lFwCVbDt9o59EjMI51jWH,"Axis Mundi","Berghain 05","Peter Van Hoesen",2011-08-15,360219,18,false,gijsdehuu,2026-03-28T15:05:37Z,"dub techno,minimal techno,techno","Ostgut Ton",0.587,0.786,1,-9.221,1,0.0299,0.00218,0.715,0.11,0.0515,125.998,4
spotify:track:2I7MqAcKDbCrmfDR60EUV4,"Creepin","Klockworks 13","DVS1",2014-07-15,415370,22,false,gijsdehuu,2026-03-28T15:06:22Z,"minimal techno,techno,dub techno","Klockworks",0.773,0.62,0,-14.665,1,0.0829,0.0307,0.867,0.0741,0.515,131.994,4
spotify:track:18jBaFUwyhKymDDDVHX6l6,"Felicity","On Acid","Recondite",2012-05-14,339000,33,false,gijsdehuu,2026-03-28T15:06:30Z,"melodieuze techno,minimal techno,techno","Acid Test",0.804,0.445,1,-14.588,1,0.0622,0.0725,0.919,0.128,0.108,120.991,4
